{
	"format_version": "1.8.0",
	"animations": {
		"yurume": {
			"animation_length": 8.9583,
			"bones": {
				"Body": {
					"rotation": ["math.sin(query.anim_time * 360) * 1.5", 0, 0]
				},
				"Head": {
					"rotation": [0, "math.sin(query.anim_time * 360) * 2", "math.sin(query.anim_time * 360) * 2"]
				},
				"RightArm": {
					"rotation": ["math.sin(query.anim_time * 60) * 3", 0, "math.sin(query.anim_time * 120) * 5"]
				},
				"LeftArm": {
					"rotation": ["math.sin(query.anim_time * 60) * 3", 0, "math.sin(query.anim_time * 120) * 5"]
				},
				"RightLeg": {
					"rotation": ["math.sin(query.anim_time * 360) * 25", 0, 0]
				},
				"LeftLeg": {
					"rotation": ["math.sin(query.anim_time * -360) * 25", 0, 0]
				}
			}
		},
		"ambient": {
			"animation_length": 1.9167,
			"bones": {
				"Head": {
					"position": {
						"0.0": [0, 0, 0],
						"1.0": [0, -0.3, 0],
						"1.9167": [0, 0, 0]
					}
				},
				"RightArm": {
					"position": {
						"0.0": [0, -0.4, 0],
						"1.0": [0, 0, 0],
						"1.9167": [0, -0.5, 0]
					}
				},
				"LeftArm": {
					"position": {
						"0.0": [0, -0.5, 0],
						"1.0": [0, 0, 0],
						"1.9167": [0, -0.5, 0]
					}
				},
				"waist": {
					"position": {
						"0.0": [0, 0, 0],
						"1.0": [0, 0.2, 0],
						"1.9167": [0, 0, 0]
					}
				},
				"yay": {
					"position": {
						"0.0": [0, -0.5, 0],
						"1.0": [0, 0, 0],
						"1.9167": [0, -0.5, 0]
					}
				}
			}
		},
		"yay": {
			"animation_length": 0.3333,
			"bones": {
				"Body": {
					"rotation": [-7.5, 0, 0]
				},
				"Head": {
					"rotation": {
						"0.0": [-7.5, 0, 0],
						"0.0417": [7.5, 0, 0],
						"0.125": [-17.5, 0, 0],
						"0.3333": [0, 0, 0]
					}
				},
				"RightArm": {
					"rotation": {
						"0.0": [15, 0, 0],
						"0.0417": [-12.14, 0, 0],
						"0.0833": [-7.5, 0, 0],
						"0.125": [-25, 0, 0],
						"0.2083": [-37.5, 0, 0],
						"0.25": [-25, 0, 0],
						"0.3333": [-7.5, 0, 0]
					}
				},
				"LeftArm": {
					"rotation": {
						"0.0": [25, 0, 0],
						"0.0417": [2.14, 0, 0],
						"0.0833": [-5, 0, 0],
						"0.125": [-17.5, 0, 0],
						"0.2083": [-37.5, 0, 0],
						"0.25": [-17.5, 0, 0],
						"0.3333": [-5, 0, 0]
					}
				},
				"yay": {
					"rotation": {
						"0.0": [24.51298, 0.23733, 3.2008],
						"0.0417": [9.64207, 24.21181, -10.33648],
						"0.0833": [59.30046, 41.73823, 40.8564],
						"0.125": [13.89171, 30.21192, -2.54222],
						"0.2083": [-7.70014, -3.95239, 3.83019],
						"0.25": [-17.5, 0, 0],
						"0.3333": [34.314, -9.63715, 15.72988]
					},
					"position": {
						"0.0": [0, 0, 0],
						"0.0417": [0, 2.75, -1.5],
						"0.0833": [0, 4, -2],
						"0.125": [0, 6, -2],
						"0.3333": [2, 0, -2]
					}
				}
			}
		}
	}
}