{
	"format_version": "1.8.0",
	"animations": {
		"sonic": {
			"animation_length": 1.2917,
			"bones": {
				"leftleg": {
					"rotation": {
						"0.0": [0, 0, 0],
						"0.1667": [-12.22, 0, 0],
						"0.625": [2.5, 0, 0],
						"0.75": [12.5, 0, 0],
						"0.9167": [12.5, 0, 0],
						"1.1667": [0, 0, 0]
					},
					"position": {
						"0.0": [0, 0, 0],
						"0.1667": [0, 0, 9],
						"1.1667": [0, 0, 0]
					}
				},
				"rightleg": {
					"rotation": {
						"0.0": [0, 0, 0],
						"0.1667": [-11.93, 0, 0],
						"0.625": [5, 0, 0],
						"0.75": [17.5, 0, 0],
						"0.9167": [17.5, 0, 0],
						"1.1667": [0, 0, 0]
					},
					"position": {
						"0.0": [0, 0, 0],
						"0.1667": [0, 0, 9],
						"1.1667": [0, 0, 0]
					}
				},
				"leftarm": {
					"rotation": {
						"0.0": [0, 0, 0],
						"0.1667": [-17.5, 7.5, 0],
						"0.2917": [-24.53105, 12.36481, 17.07352],
						"0.4583": [-24.53105, 12.36481, 17.07352],
						"0.5417": [0, 0, 0],
						"0.625": [14.65993, 3.21132, -12.08681],
						"0.75": [64.65993, 3.21132, -12.08681],
						"0.9167": [64.65993, 3.21132, -12.08681],
						"1.1667": [0, 0, 0]
					},
					"position": {
						"0.0": [0, 0, 0],
						"0.625": [-4, 0, 0],
						"1.1667": [0, 0, 0]
					}
				},
				"rightarm": {
					"rotation": {
						"0.0": [0, 0, 0],
						"0.1667": [-17.5, -7.5, 0],
						"0.2917": [-24.53105, -12.36481, -17.07352],
						"0.4583": [-24.53105, -12.36481, -17.07352],
						"0.5417": [0, 0, 0],
						"0.625": [14.65993, -3.21132, 12.08681],
						"0.75": [67.15993, -3.21132, 12.08681],
						"0.9167": [67.15993, -3.21132, 12.08681],
						"1.1667": [0, 0, 0]
					},
					"position": {
						"0.0": [0, 0, 0],
						"0.625": [4, 0, 0],
						"1.1667": [0, 0, 0]
					}
				},
				"head": {
					"rotation": {
						"0.0": [0, 0, 0],
						"0.1667": [5, 0, 0],
						"0.2917": [45, 0, 0],
						"0.4583": [57.5, 0, 0],
						"0.5417": [0, 0, 0],
						"0.625": [-7.5, 0, 0],
						"0.75": [-27.5, 0, 0],
						"0.9167": [-27.5, 0, 0],
						"1.1667": [0, 0, 0]
					},
					"position": {
						"0.0": [0, 0, 0],
						"0.2917": [0, -10, -9],
						"0.4583": [0, -10, -9],
						"0.5417": [0, 0, 0],
						"0.625": [0, -4, 4],
						"1.1667": [0, 0, 0]
					}
				},
				"body": {
					"rotation": {
						"0.0": [0, 0, 0],
						"0.1667": [18.75, 0, 0],
						"0.2917": [22.5, 0, 0],
						"0.4583": [22.5, 0, 0],
						"0.5417": [0, 0, 0],
						"1.1667": [0, 0, 0]
					},
					"position": {
						"0.0": [0, 0, 0],
						"0.2083": [0, -4, 2],
						"1.1667": [0, 0, 0]
					}
				},
				"right_ribcage": {
					"rotation": {
						"0.0": [0, 0, 0],
						"0.5833": [0, 33.09, 0],
						"0.7083": [0, 25, 0],
						"0.8333": [0, 102.5, 0],
						"1.0": [0, 102.5, 0],
						"1.2917": [0, 0, 0]
					}
				},
				"left_ribcage": {
					"rotation": {
						"0.0": [0, 0, 0],
						"0.5833": [0, -35, 0],
						"0.7083": [0, -25, 0],
						"0.8333": [0, -117.5, 0],
						"1.0": [0, -117.5, 0],
						"1.2917": [0, 0, 0]
					}
				},
				"boom": {
					"rotation": {
						"0.0": [0, 0, 0],
						"0.5833": [0, 0, 49.17],
						"0.6667": [0, 0, -225.71],
						"0.7083": [0, 0, 72.5],
						"0.7917": [0, 0, -440],
						"0.875": [0, 0, 0]
					},
					"position": {
						"0.0": [0, 0, 0],
						"0.5833": [0, 5, -15.89],
						"0.625": [-3, -3, -19.44],
						"0.6667": [0, -5, -23],
						"0.7083": [5, 13.5, -43.5],
						"0.75": [3, 20.75, -55.75],
						"0.7917": [-5, 26, -68],
						"0.8333": [0, 41, -118],
						"0.875": [0, 0, 0]
					},
					"scale": {
						"0.0": [1, 1, 1],
						"0.6667": [3.6571, 3.6571, 1],
						"0.7083": [4, 4, 1],
						"0.7917": [4.8, 4.8, 1],
						"0.8333": [7.4, 7.4, 1],
						"0.875": [1, 1, 1]
					}
				}
			}
		},
		"walk": {
			"loop": true,
			"animation_length": 2.0833,
			"bones": {
				"leftleg": {
					"rotation": {
						"0.0": [25, 0, 0],
						"0.375": [-17.5, 0, 0],
						"0.7083": [25, 0, 0],
						"1.0833": [-17.5, 0, 0],
						"1.4167": [25, 0, 0],
						"1.7917": [-17.5, 0, 0],
						"2.0833": [25, 0, 0]
					},
					"position": {
						"0.0": [0, 0, 4],
						"0.375": [0, 0, -2],
						"0.7083": [0, 0, 4],
						"1.0833": [0, 0, -2],
						"1.4167": [0, 0, 4],
						"1.7917": [0, 0, -2],
						"2.0833": [0, 0, 4]
					}
				},
				"rightleg": {
					"rotation": {
						"0.0": [-25, 0, 0],
						"0.375": [17.5, 0, 0],
						"0.7083": [-25, 0, 0],
						"1.0833": [17.5, 0, 0],
						"1.4167": [-25, 0, 0],
						"1.7917": [17.5, 0, 0],
						"2.0833": [-25, 0, 0]
					},
					"position": {
						"0.0": [0, 0, -1],
						"0.375": [0, 0, 4],
						"0.7083": [0, 0, -1],
						"1.0833": [0, 0, 4],
						"1.4167": [0, 0, -1],
						"1.7917": [0, 0, 4],
						"2.0833": [0, 0, -1]
					}
				},
				"leftarm": {
					"rotation": {
						"0.0": [39.30633, 5.68422, -8.9042],
						"0.375": [-22.5, 0, -5],
						"0.7083": [39.30633, 5.68422, -8.9042],
						"1.0833": [-22.5, 0, -5],
						"1.4167": [39.30633, 5.68422, -8.9042],
						"1.7917": [-22.5, 0, -5],
						"2.0833": [39.30633, 5.68422, -8.9042]
					},
					"position": {
						"0.0": [-2, 0, -1],
						"0.375": [-3, 0, -4],
						"0.7083": [-2, 0, -1],
						"1.0833": [-3, 0, -4],
						"1.4167": [-2, 0, -1],
						"1.7917": [-3, 0, -4],
						"2.0833": [-2, 0, -1]
					}
				},
				"rightarm": {
					"rotation": {
						"0.0": [-22.5, 0, 5],
						"0.375": [17.5, 0, 10],
						"0.7083": [-22.5, 0, 5],
						"1.0833": [17.5, 0, 10],
						"1.4167": [-22.5, 0, 5],
						"1.7917": [17.5, 0, 10],
						"2.0833": [-22.5, 0, 5]
					},
					"position": {
						"0.0": [3, 0, -1],
						"0.375": [2, 0, 1],
						"0.7083": [3, 0, -1],
						"1.0833": [2, 0, 1],
						"1.4167": [3, 0, -1],
						"1.7917": [2, 0, 1],
						"2.0833": [3, 0, -1]
					}
				},
				"head": {
					"rotation": {
						"0.0": [17.43745, -1.50179, 9.76968],
						"0.375": [12.45392, 1.08089, -9.88206],
						"0.7083": [17.43745, -1.50179, 9.76968],
						"1.0833": [12.45392, 1.08089, -9.88206],
						"1.4167": [17.43745, -1.50179, 9.76968],
						"1.7917": [12.45392, 1.08089, -9.88206],
						"2.0833": [17.43745, -1.50179, 9.76968]
					},
					"position": {
						"0.0": [0, 0, -4],
						"0.375": [0, 0, -1],
						"0.7083": [0, 0, -4],
						"1.0833": [0, 0, -1],
						"1.4167": [0, 0, -4],
						"1.7917": [0, 0, -1],
						"2.0833": [0, 0, -4]
					}
				},
				"body": {
					"rotation": {
						"0.0": [7.5, 0, 5],
						"0.375": [0, 0, -5],
						"0.7083": [7.5, 0, 5],
						"1.0833": [0, 0, -5],
						"1.4167": [7.5, 0, 5],
						"1.7917": [0, 0, -5],
						"2.0833": [7.5, 0, 5]
					}
				}
			}
		},
		"attack": {
			"animation_length": 0.4167,
			"bones": {
				"leftarm": {
					"rotation": {
						"0.0": [-25, 0, 0],
						"0.0417": [-36.46256, -10.72733, -21.4227],
						"0.125": [-65.96318, 2.7207, -18.97464],
						"0.1667": [-88.02276, 0.81878, -22.48587],
						"0.375": [-15, 0, 0]
					},
					"position": {
						"0.0": [0, 0, 1],
						"0.0417": [-5, 2, -9],
						"0.125": [-0.57, 2.49, -4.1],
						"0.1667": [0, -4.14, -11.43],
						"0.2083": [-3, 0.54, -2.77],
						"0.375": [0, -3, 1]
					}
				},
				"rightarm": {
					"rotation": {
						"0.0": [-20, 0, 0],
						"0.0417": [-31.80713, 8.89433, 22.22364],
						"0.125": [-60.8316, -4.45589, 18.62284],
						"0.1667": [-82.73165, -2.99984, 22.30943],
						"0.375": [-7.5, 0, 0]
					},
					"position": {
						"0.0": [0, 0, 1],
						"0.0417": [5, 2, -9],
						"0.125": [0.57, 0.49, -1.53],
						"0.1667": [0, -4.14, -10.43],
						"0.2083": [3, 4.29, -13.54],
						"0.375": [0, -3, 1]
					}
				},
				"head": {
					"rotation": {
						"0.0": [-5, 0, 0],
						"0.125": [15, 0, 0],
						"0.2083": [26.43, 0, 0],
						"0.4167": [-5, 0, 0]
					},
					"position": {
						"0.0": [0, 0, 0],
						"0.2083": [0, -3, -6],
						"0.4167": [0, 0, 0]
					}
				},
				"body": {
					"rotation": {
						"0.0": [-7.5, 0, 0],
						"0.125": [7.5, 0, 0],
						"0.2083": [16.07, 0, 0],